{
  "0": [
    0.15847349233223057,
    0.22952960327576663,
    0.5292808672909131,
    0.04565009415117862,
    0.037065942949911154
  ],
  "1": [
    0.47533360964888255,
    0.1326226277918603,
    0.3067112809997064,
    0.03614020406702785,
    0.049192277492522876
  ],
  "2": [
    0.6655079610014686,
    0.06904099267761983,
    0.1655500221549744,
    0.04046811899950008,
    0.05943290516643715
  ],
  "3": [
    0.5829788825706158,
    0.16085429029965737,
    0.1712539851154176,
    0.034878583433003846,
    0.05003425858130539
  ],
  "4": [
    0.0372762639913283,
    0.20751780565473033,
    0.6147317653198882,
    0.0822532440725508,
    0.058220920961502304
  ],
  "5": [
    0.3548738795904875,
    0.12381376320370513,
    0.41142258143886135,
    0.02708891996986136,
    0.08280085579708467
  ]
}