{
  "split": "val",
  "members": [
    "ckpt_seed0_best",
    "ckpt_seed1_best",
    "ckpt_seed2_best",
    "ckpt_seed3_best",
    "ckpt_seed4_best"
  ],
  "member_mean_range": [
    54304.68610204635,
    55109.629174184985
  ],
  "member_mean_std": 371.6048164175814,
  "stats": {
    "ensemble_mean": {
      "mean": 55635.2390885774,
      "median": 56916.33675957,
      "daily_std": 17724.3241647094,
      "fold_std": 9023.5855006346,
      "worst_fold": 43892.8143873868,
      "cvar_revenue": 22807.3122305189,
      "mean_regret": 124.1428140382,
      "median_regret": 70.4669968702,
      "cvar_regret": -1821.7453233936,
      "p_beat_reference": 0.5217391304,
      "upside_capture": 432.9244652952,
      "downside_exposure": 308.781651257,
      "max_daily_loss_vs_reference": 4844.0166198967,
      "mean_regret_vs_milp": 375.4850595028,
      "median_info_gap_pct": -1.3639752067,
      "selection_score": 50212.5736765633
    },
    "ensemble_trimmed_mean": {
      "mean": 55621.7446713565,
      "median": 57022.1289057863,
      "daily_std": 18417.2682953489,
      "fold_std": 9037.5835175202,
      "worst_fold": 43718.6203100469,
      "cvar_revenue": 21432.4451342582,
      "mean_regret": 110.6483968173,
      "median_regret": 150.3481390398,
      "cvar_regret": -3869.491900148,
      "p_beat_reference": 0.5652173913,
      "upside_capture": 728.6077177056,
      "downside_exposure": 617.9593208883,
      "max_daily_loss_vs_reference": 13603.9903850169,
      "mean_regret_vs_milp": 361.9906422819,
      "median_info_gap_pct": -1.4162527776,
      "selection_score": 49168.2069625224
    },
    "ensemble_weighted": {
      "mean": 55579.4256411523,
      "median": 56859.4063648589,
      "daily_std": 17991.8342547492,
      "fold_std": 9022.976765415,
      "worst_fold": 43973.7030321795,
      "cvar_revenue": 22057.3256778791,
      "mean_regret": 68.3293666131,
      "median_regret": 217.8975748715,
      "cvar_regret": -4427.5117560264,
      "p_beat_reference": 0.597826087,
      "upside_capture": 716.3670744927,
      "downside_exposure": 648.0377078796,
      "max_daily_loss_vs_reference": 11149.2678556814,
      "mean_regret_vs_milp": 319.6716120777,
      "median_info_gap_pct": -1.6273947864,
      "selection_score": 48854.1813804316
    },
    "ensemble_median": {
      "mean": 55374.4268221089,
      "median": 56691.7558044586,
      "daily_std": 18757.2647565444,
      "fold_std": 8872.3030890943,
      "worst_fold": 43793.5652179133,
      "cvar_revenue": 19958.9439578662,
      "mean_regret": -136.6694524303,
      "median_regret": -45.1866154455,
      "cvar_regret": -6524.2411560728,
      "p_beat_reference": 0.4565217391,
      "upside_capture": 931.589000071,
      "downside_exposure": 1068.2584525014,
      "max_daily_loss_vs_reference": 25126.9357425939,
      "mean_regret_vs_milp": 114.6727930342,
      "median_info_gap_pct": -1.3303671597,
      "selection_score": 47641.9873364178
    },
    "ckpt_seed2_best": {
      "mean": 55109.629174185,
      "median": 55486.392799566,
      "daily_std": 19090.4016548011,
      "fold_std": 8356.4838059417,
      "worst_fold": 43014.9812525176,
      "cvar_revenue": 21397.1142234055,
      "mean_regret": -401.4671003542,
      "median_regret": 103.1508360133,
      "cvar_regret": -9680.6157431748,
      "p_beat_reference": 0.5108695652,
      "upside_capture": 1188.2459208168,
      "downside_exposure": 1589.713021171,
      "max_daily_loss_vs_reference": 28711.3820579744,
      "mean_regret_vs_milp": -150.1248548896,
      "median_info_gap_pct": -1.7047238405,
      "selection_score": 45990.7126245382
    },
    "ckpt_seed0_best": {
      "mean": 55066.5196778124,
      "median": 53759.9214557502,
      "daily_std": 19504.1635228869,
      "fold_std": 10696.3274690826,
      "worst_fold": 43385.7387046095,
      "cvar_revenue": 21618.3563056548,
      "mean_regret": -444.5765967268,
      "median_regret": 10.5233214243,
      "cvar_regret": -14788.3007511962,
      "p_beat_reference": 0.5108695652,
      "upside_capture": 1935.1015543118,
      "downside_exposure": 2379.6781510387,
      "max_daily_loss_vs_reference": 30135.902400734,
      "mean_regret_vs_milp": -193.2343512623,
      "median_info_gap_pct": -1.114366134,
      "selection_score": 42213.0614184913
    },
    "ckpt_seed1_best": {
      "mean": 54779.8208695765,
      "median": 56086.3380512346,
      "daily_std": 18246.5484627844,
      "fold_std": 8458.2513424152,
      "worst_fold": 42510.8803999146,
      "cvar_revenue": 21249.2869464725,
      "mean_regret": -731.2754049627,
      "median_regret": -112.8394885714,
      "cvar_regret": -6373.7185066903,
      "p_beat_reference": 0.4673913043,
      "upside_capture": 419.3166860023,
      "downside_exposure": 1150.592090965,
      "max_daily_loss_vs_reference": 11119.6833930375,
      "mean_regret_vs_milp": -479.9331594981,
      "median_info_gap_pct": -1.1482064424,
      "selection_score": 47181.017093783
    },
    "ckpt_seed4_best": {
      "mean": 54395.8873145402,
      "median": 54082.9443315647,
      "daily_std": 18327.2900799585,
      "fold_std": 8334.9636418803,
      "worst_fold": 43341.7547769225,
      "cvar_revenue": 21061.918289403,
      "mean_regret": -1115.2089599991,
      "median_regret": -615.7252703938,
      "cvar_regret": -9943.1008659979,
      "p_beat_reference": 0.3586956522,
      "upside_capture": 832.589901311,
      "downside_exposure": 1947.79886131,
      "max_daily_loss_vs_reference": 19989.2107837515,
      "mean_regret_vs_milp": -863.8667145345,
      "median_info_gap_pct": -0.4598836135,
      "selection_score": 44978.0528206013
    },
    "ckpt_seed3_best": {
      "mean": 54304.6861020463,
      "median": 55799.1257754986,
      "daily_std": 18461.2632389889,
      "fold_std": 8257.2737715225,
      "worst_fold": 42470.2146301654,
      "cvar_revenue": 19555.3964147867,
      "mean_regret": -1206.4101724929,
      "median_regret": -500.9491911857,
      "cvar_regret": -8720.1455851939,
      "p_beat_reference": 0.3586956522,
      "upside_capture": 489.3156111942,
      "downside_exposure": 1695.7257836871,
      "max_daily_loss_vs_reference": 30656.0159933412,
      "mean_regret_vs_milp": -955.0679270283,
      "median_info_gap_pct": -0.3684404105,
      "selection_score": 45514.373880565
    }
  }
}