{
  "penalty_sweep_zero_shot": {
    "gate_c_r0.1": {
      "penalty_0": {
        "mean": 56483.4256214114,
        "median": 57936.84661980231
      },
      "penalty_10": {
        "mean": 56105.424947730404,
        "median": 57538.183242998384
      },
      "penalty_25": {
        "mean": 55538.42393720891,
        "median": 56988.47054608875
      },
      "penalty_50": {
        "mean": 54593.42225300644,
        "median": 56331.54190066039
      },
      "penalty_100": {
        "mean": 52703.41888460147,
        "median": 54190.83439748175
      },
      "mean_abs_deviation_mwh": 37.80006736809923
    },
    "ensemble_mean": {
      "penalty_0": {
        "mean": 56575.5752123384,
        "median": 57842.92073823571
      },
      "penalty_10": {
        "mean": 56199.440762834005,
        "median": 57455.328002689785
      },
      "penalty_25": {
        "mean": 55635.23908857739,
        "median": 56916.33675956997
      },
      "penalty_50": {
        "mean": 54694.9029648164,
        "median": 56466.92043282192
      },
      "penalty_100": {
        "mean": 52814.230717294406,
        "median": 55066.84013659274
      },
      "mean_abs_deviation_mwh": 37.61344495044005
    },
    "baseline_rule_based": {
      "penalty_0": {
        "mean": 56451.28891243191,
        "median": 57934.454121896415
      },
      "penalty_10": {
        "mean": 56075.21185727483,
        "median": 57561.02734309568
      },
      "penalty_25": {
        "mean": 55511.096274539224,
        "median": 57000.88717489458
      },
      "penalty_50": {
        "mean": 54570.90363664653,
        "median": 56292.02723437255
      },
      "penalty_100": {
        "mean": 52690.51836086114,
        "median": 54036.29722057961
      },
      "mean_abs_deviation_mwh": 37.60770551570765
    },
    "baseline_milp_info": {
      "penalty_0": {
        "mean": 55805.7726481539,
        "median": 58463.58306236529
      },
      "penalty_10": {
        "mean": 55587.365200522174,
        "median": 58131.17529952279
      },
      "penalty_25": {
        "mean": 55259.75402907463,
        "median": 57892.193508582444
      },
      "penalty_50": {
        "mean": 54713.73540999535,
        "median": 57541.100362858175
      },
      "penalty_100": {
        "mean": 53621.6981718368,
        "median": 56034.66647036259
      },
      "mean_abs_deviation_mwh": 21.84074476317072
    }
  },
  "scenarios": {
    "export_limit_x0.8": {
      "gate_c": {
        "mean": 55525.55880356912,
        "median": 56988.48165202979
      },
      "rule_based": {
        "mean": 55502.47041031301,
        "median": 57000.88717489458
      },
      "gate_minus_rule_mean": 23.08839325610461
    },
    "export_limit_x1.2": {
      "gate_c": {
        "mean": 55535.40860454534,
        "median": 56987.398485263824
      },
      "rule_based": {
        "mean": 55511.096274539224,
        "median": 57000.88717489458
      },
      "gate_minus_rule_mean": 24.31233000611246
    },
    "bess_energy_x0.5": {
      "gate_c": {
        "mean": 53857.64928784268,
        "median": 55910.42103990598
      },
      "rule_based": {
        "mean": 53821.83088533035,
        "median": 55862.17465836894
      },
      "gate_minus_rule_mean": 35.81840251232643
    },
    "bess_energy_x2": {
      "gate_c": {
        "mean": 59257.04867104757,
        "median": 61430.578720112055
      },
      "rule_based": {
        "mean": 59229.60546769047,
        "median": 61512.768666123564
      },
      "gate_minus_rule_mean": 27.443203357099264
    },
    "forecast_perfect": {
      "gate_c": {
        "mean": 57569.67149993624,
        "median": 60419.91397325204
      },
      "rule_based": {
        "mean": 57586.882619906195,
        "median": 60195.51091727164
      },
      "gate_minus_rule_mean": -17.211119969957508
    },
    "forecast_persistence": {
      "gate_c": {
        "mean": 47042.95189711231,
        "median": 53139.44575678154
      },
      "rule_based": {
        "mean": 47010.2878051551,
        "median": 53114.667143904866
      },
      "gate_minus_rule_mean": 32.664091957209166
    }
  }
}