{
  "deviation_penalty_eur_per_mwh": 25.0,
  "days": 30,
  "anchors": {
    "do_nothing": {
      "mean": 46734.16118164763,
      "median": 49201.35802575354,
      "per_day": [
        38302.374209905014,
        40523.830205139035,
        65755.39250942486,
        50813.32316737672,
        56884.575019222444,
        45569.242827780814,
        20779.646346562604,
        8234.315586533194,
        9248.143383956853,
        25458.908370165267,
        48676.01231933503,
        59917.66338042016,
        59210.03196208129,
        46119.361006770065,
        56232.19219546459,
        27781.022514219752,
        48959.59206940493,
        75670.06665905162,
        58601.135764010854,
        55666.53163681145,
        37815.77268821013,
        49443.12398210216,
        60811.13931507605,
        58900.50340494048,
        25706.804138924843,
        34197.79724129321,
        71129.83417150879,
        63306.155574171746,
        46556.52490892745,
        55753.818890636925
      ]
    },
    "rule_based": {
      "mean": 50042.41494601005,
      "median": 50874.42171928896,
      "per_day": [
        38908.13574083231,
        44655.23176431555,
        68088.24452455361,
        43571.947673516115,
        60582.56208555485,
        51436.59499413467,
        29574.350554201264,
        11541.83702651451,
        12263.281526845924,
        24844.677187461137,
        49348.99356103337,
        66512.4783348094,
        63822.314724962394,
        48872.55452128405,
        56964.27165210535,
        31470.75101974528,
        49868.0969968137,
        76982.88065806028,
        61543.828979761136,
        60325.646488004,
        44535.334039047004,
        50312.248444443256,
        63004.31109803181,
        63626.78331530752,
        40608.2953609748,
        42348.0027576159,
        73104.2262890962,
        66856.54831846438,
        51603.717746232694,
        54094.30099657924
      ]
    },
    "milp_info": {
      "mean": 50679.06931731852,
      "median": 51833.16177214522,
      "per_day": [
        39859.02720369394,
        40605.520243315805,
        68026.47495785315,
        58376.55065763655,
        61924.217427146425,
        50409.30978888327,
        30019.84939191504,
        9961.438504813916,
        10684.28745234736,
        26115.763985948513,
        53079.02199472096,
        68997.46240067908,
        67717.63460921771,
        47505.453112427655,
        57407.83635952834,
        30091.355746589194,
        49321.89602811881,
        78733.79049173351,
        63078.0444280972,
        59329.79612600914,
        45771.54782166013,
        50587.30154956948,
        62609.84878669799,
        62680.867638715215,
        38979.13085152417,
        43851.78028435065,
        73407.44700158542,
        66104.60583682223,
        48932.71792738341,
        56202.10091057116
      ]
    },
    "milp_perfect": {
      "mean": 54703.85800293145,
      "median": 56623.24087164516,
      "per_day": [
        42883.53026800965,
        45971.02913431659,
        72575.25124808526,
        65262.64608331465,
        65340.91915502851,
        54039.982723272464,
        31447.409749709077,
        12130.806480868576,
        12499.174571535037,
        31948.072823973842,
        56146.77582278821,
        76394.02535506096,
        71701.4576869345,
        50961.00826918254,
        61352.68393059745,
        31182.4020005919,
        57099.70592050211,
        82048.15477109874,
        65613.5717568856,
        60683.76768867392,
        49870.700412916274,
        53611.323657455316,
        64647.54818400808,
        70042.28656879808,
        47983.94468977366,
        49238.64861222741,
        78002.20329174206,
        68836.12068368259,
        52194.18801053075,
        59406.40053637931
      ]
    }
  }
}